nameProject;nameRepo
Analizador Documentos;analizador-documentos-document-analyzer-lambda
Analizador Documentos;facilities-gestion-linea-back-portal-lambda
Analizador Documentos;facilities-gestion-linea-frontend
Analizador Documentos;facilities-gestion-linea-infra
App Bolivar Conmigo;Sandbox-App-BC-Infra
App Bolivar Conmigo;app-bc-Infra
App Bolivar Conmigo;app-bc-asistencias-ms
App Bolivar Conmigo;app-bc-bienestar-adapter-dacadoo-ms
App Bolivar Conmigo;app-bc-bienestar-adapter-ms
App Bolivar Conmigo;app-bc-bienestar-coach-ms
App Bolivar Conmigo;app-bc-bienestar-core-ms
App Bolivar Conmigo;app-bc-bienestar-mobile-mf
App Bolivar Conmigo;app-bc-bienestar-servicios-actividades-ms
App Bolivar Conmigo;app-bc-bienestar-servicios-amigos-ms
App Bolivar Conmigo;app-bc-bienestar-servicios-consejos-ms
App Bolivar Conmigo;app-bc-bienestar-servicios-empresas-ms
App Bolivar Conmigo;app-bc-bienestar-servicios-grupos-ms
App Bolivar Conmigo;app-bc-bienestar-servicios-logros-ms
App Bolivar Conmigo;app-bc-bienestar-servicios-ms
App Bolivar Conmigo;app-bc-bienestar-servicios-notificaciones-ms
App Bolivar Conmigo;app-bc-bienestar-servicios-salud-ms
App Bolivar Conmigo;app-bc-bienestar-servicios-social-ms
App Bolivar Conmigo;app-bc-bienestar-servicios-usuarios-ms
App Bolivar Conmigo;app-bc-blog-ms
App Bolivar Conmigo;app-bc-commons-lambda
App Bolivar Conmigo;app-bc-components-ms
App Bolivar Conmigo;app-bc-componets-mobile-mf
App Bolivar Conmigo;app-bc-feature-toggles-lib
App Bolivar Conmigo;app-bc-hogar-core-ms
App Bolivar Conmigo;app-bc-hogar-mobile-mf-lib
App Bolivar Conmigo;app-bc-hogar-servicios-ms
App Bolivar Conmigo;app-bc-landing-frontend
App Bolivar Conmigo;app-bc-mobile
App Bolivar Conmigo;app-bc-monorepo-mobile
App Bolivar Conmigo;app-bc-movilidad-core-ms
App Bolivar Conmigo;app-bc-movilidad-mobile-mf
App Bolivar Conmigo;app-bc-movilidad-servicios-ms
App Bolivar Conmigo;app-bc-notificacion-lambda
App Bolivar Conmigo;app-bc-notification-ms
App Bolivar Conmigo;app-bc-polizas-ms
App Bolivar Conmigo;app-bc-profile-ms
App Bolivar Conmigo;app-bc-security-ms
App Bolivar Conmigo;app-bc-seguridad-lambda
App Bolivar Conmigo;app-bc-survey-frontend
App Bolivar Conmigo;app-bc-trigger-lambda
App Bolivar Conmigo;app-bc-websocket-lambda
App Bolivar Conmigo;monorepo-app-bc
App Bolivar Conmigo;prueba_java_ms
Corresponsales Bancarios;corresponsal-bancario-lambda
Corresponsales Bancarios;soluciones-bolivar-servicios-infra
COF;app-cof-backend
COF;app-cof-frontend
COF;app-cof-multisitio
COF;app_cof_infra
Comunes;api-marketplace-model-db-cloud
Comunes;comunes-accidentes-laborales-arl-ms
Comunes;comunes-adapter-intranet-ms
Comunes;comunes-adapter-prestamos-ms
Comunes;comunes-adapter-saghi-ms
Comunes;comunes-adapter-sai-ms
Comunes;comunes-adapter-sisalud-ms
Comunes;comunes-adapter-soap-ms
Comunes;comunes-adapter-terceros-ms
Comunes;comunes-adapter-tronador-ms
Comunes;comunes-analitica-ms
Comunes;comunes-api-management-infra
Comunes;comunes-aseguramiento-salud-ms
Comunes;comunes-aseguramiento-salud-tesoreria-ms
Comunes;comunes-autenticacion-ms
Comunes;comunes-catalogos-lambda
Comunes;comunes-catalogos-ms
Comunes;comunes-core-infra
Comunes;comunes-core-infra-test
Comunes;comunes-database-ejecutor-ms
Comunes;comunes-descarga-poliza-lambda
Comunes;comunes-documentos-archivo-ms
Comunes;comunes-documentos-archivos-filenet
Comunes;comunes-documentos-firma-electronica-core-lambda
Comunes;comunes-documentos-firma-electronica-lambda
Comunes;comunes-empresas-arl-ms
Comunes;comunes-facturacion-electronica-ms
Comunes;comunes-gateway-on-premises-infra
Comunes;comunes-historico-acortador-url-lambda
Comunes;comunes-mercadeo-ms
Comunes;comunes-middleware-infra
Comunes;comunes-middleware-operacion-soporte-lambda
Comunes;comunes-middleware-poliza-lambda
Comunes;comunes-middleware-poliza-siniestros-lambda
Comunes;comunes-middleware-recursos-humanos-ms
Comunes;comunes-middleware-seguro-vehiculo-lambda
Comunes;comunes-middleware-tercero-lambda
Comunes;comunes-negocios-patrimoniales-catalogos-ms
Comunes;comunes-negocios-patrimoniales-ms
Comunes;comunes-negocios-patrimoniales-personas-identidad-ms
Comunes;comunes-negocios-patrimoniales-personas-variables-ms
Comunes;comunes-negocios-patrimoniales-solicitud-deudor-ms
Comunes;comunes-negocios-patrimoniales-solicitud-informe-ms
Comunes;comunes-negocios-patrimoniales-solicitud-ms
Comunes;comunes-negocios-patrimoniales-solicitud-resultado-ms
Comunes;comunes-notificaciones-ms
Comunes;comunes-operacion-soporte-erp-ms
Comunes;comunes-operaciones-soporte-asistencia-ms
Comunes;comunes-operaciones-soporte-crm-ms
Comunes;comunes-operaciones-soporte-lambda
Comunes;comunes-operaciones-soporte-light-lambda
Comunes;comunes-operaciones-soporte-ms
Comunes;comunes-otros-transversal-ms
Comunes;comunes-parametros-lambda-node14
Comunes;comunes-personas-administracion-ms
Comunes;comunes-personas-arl-ms
Comunes;comunes-personas-ms
Comunes;comunes-personas-sarlaft-ms
Comunes;comunes-personas-tesoreria-ms
Comunes;comunes-personas-trabajadores-arl-ms
Comunes;comunes-poc-middleware-sandbox-arquitectura-infra
Comunes;comunes-poc-multidespliegues
Comunes;comunes-poc-multidespliegues-java-ms
Comunes;comunes-poliza-administracion-ms
Comunes;comunes-poliza-cumplimiento-ms
Comunes;comunes-poliza-ms
Comunes;comunes-poliza-riesgo-ms
Comunes;comunes-poliza-siniestros-lambda
Comunes;comunes-poliza-siniestros-ms
Comunes;comunes-polizas-conversor-ms
Comunes;comunes-polizas-depurador-db-ms
Comunes;comunes-polizas-orquestaador-ms
Comunes;comunes-polizas-orquestador-generador-ms
Comunes;comunes-polizas-orquestador-reintentos-ms
Comunes;comunes-prestacion-salud-ms
Comunes;comunes-prestacion-salud-proveedor-ms
Comunes;comunes-procesos-masivos-lambda
Comunes;comunes-procesos-masivos-ms
Comunes;comunes-recursos-humanos-ms
Comunes;comunes-refactoring-core-ms
Comunes;comunes-riesgo-ms
Comunes;comunes-seguro-empresa-agricola-ms
Comunes;comunes-seguro-hogar-ms
Comunes;comunes-seguro-personalizado-ms
Comunes;comunes-seguro-pymes-ms
Comunes;comunes-seguro-salud-ms
Comunes;comunes-seguro-vehiculo-fasecolda-ms
Comunes;comunes-seguro-vehiculo-ms
Comunes;comunes-seguro-vehiculo-soat-ms
Comunes;comunes-seguro-vehiculo-tradicional-ms
Comunes;comunes-servicios-financieros-ms
Comunes;comunes-soporte-logs-ms
Comunes;comunes-terceros-externos-ms
Comunes;comunes-ventas-corresponsal-ms
Comunes;comunes-ventas-marketplace-ms
Comunes;comunes-ventas-ms
Comunes;comunes-ventas-seguros-ms
Comunes;conecta-api-marketplace-lambda
Comunes;omunes-documentos-archivo-lambda
DoctorAki Alb;dev-doctoraki-logstash-test
DoctorAki Alb;doctoraki-rules-alb
Devops Automation;bol-automation-commons-lib
Devops Automation;devops-automationqa-data-ms
Devops Automation;devops-automationqa-infra
Devops Automation;devops-automationqa-metricas-ms
Devops Automation;devops-automationqa-ucronia-front
Devops Automation;devops-github
Devops Automation;devops-github(pruebas)
Devops Automation;sample-create-repos-test
Acceso Clientes;accesoclientes-autorizacion-acceso-lambda
Acceso Clientes;accesoclientes-certificaciones-ms
Acceso Clientes;accesoclientes-clientes-ms
Acceso Clientes;accesoclientes-core-frontend
Acceso Clientes;accesoclientes-core-infra
Acceso Clientes;accesoclientes-core-ms
Acceso Clientes;accesoclientes-csp-edge-lambda
Acceso Clientes;accesoclientes-flujos-frontend
Acceso Clientes;accesoclientes-flujos-indemnizaciones-ms
Acceso Clientes;accesoclientes-gestion-contenidos-wp
Acceso Clientes;accesoclientes-indemnizaciones-ms
Acceso Clientes;accesoclientes-productos-ms
Acceso Clientes;accesoclientes-productos-pdf-ms
Acceso Clientes;accesoclientes-seguridad-ms
Acceso Clientes;accesoclientes-seguridad-ms-copy
Datos Operativos;datosoperativos-infra
DevOps-Infra;autoservicio-devops-github
DevOps-Infra;jenkins-devops-cognito-infra
Budget;budget-bienestar-infra
cien-cuadras;Ciencuadras-monotest-mf
cien-cuadras;Ciencuadras-sitemap-seo-ms
cien-cuadras;ciencuadras-admin-frontend
cien-cuadras;ciencuadras-admin-lambda
cien-cuadras;ciencuadras-admin-ms
cien-cuadras;ciencuadras-auth-mf
cien-cuadras;ciencuadras-auth-ms
cien-cuadras;ciencuadras-avaluos-lambda
cien-cuadras;ciencuadras-avaluos-mf
cien-cuadras;ciencuadras-calcula-precio-lambda
cien-cuadras;ciencuadras-carrito-compras-ms
cien-cuadras;ciencuadras-certificados-tradicion-lambda
cien-cuadras;ciencuadras-certificados-tradicion-mf
cien-cuadras;ciencuadras-clientes-ms
cien-cuadras;ciencuadras-colenexterior-mf
cien-cuadras;ciencuadras-commons-java-lib
cien-cuadras;ciencuadras-commons-node-lib
cien-cuadras;ciencuadras-componentes-lib
cien-cuadras;ciencuadras-comunes-ms
cien-cuadras;ciencuadras-comunidad100-lambda
cien-cuadras;ciencuadras-comunidad100-mf
cien-cuadras;ciencuadras-edge-lambda
cien-cuadras;ciencuadras-favoritos-lambda
cien-cuadras;ciencuadras-generacion-pdf-ms
cien-cuadras;ciencuadras-gestion-leads-lambda
cien-cuadras;ciencuadras-home-lambda
cien-cuadras;ciencuadras-home-mf
cien-cuadras;ciencuadras-imagehandler-lambda
cien-cuadras;ciencuadras-infra
cien-cuadras;ciencuadras-inmobiliarias-lambda
cien-cuadras;ciencuadras-inmuebles-ms
cien-cuadras;ciencuadras-integracion-crm-ms
cien-cuadras;ciencuadras-integracion-ctl-ms
cien-cuadras;ciencuadras-integracion-facturacion-ms
cien-cuadras;ciencuadras-integracion-gi-ms
cien-cuadras;ciencuadras-integracion-marketo-ms
cien-cuadras;ciencuadras-intercambio-davibox-ms
cien-cuadras;ciencuadras-intercambio-lambda
cien-cuadras;ciencuadras-intercambio-mf
cien-cuadras;ciencuadras-leads-ms
cien-cuadras;ciencuadras-metaetiquetas-seo-ms
cien-cuadras;ciencuadras-monorepo-mf
cien-cuadras;ciencuadras-motor-perfilamiento-mf
cien-cuadras;ciencuadras-motor-perfilamiento-ms
cien-cuadras;ciencuadras-motor-recomendados-ms
cien-cuadras;ciencuadras-notificaciones-inmuebles-sugeridos-ms
cien-cuadras;ciencuadras-notificaciones-lambda
cien-cuadras;ciencuadras-notificador-transversal-ms
cien-cuadras;ciencuadras-ofertas-lambda
cien-cuadras;ciencuadras-portal-frontend
cien-cuadras;ciencuadras-procesos-automaticos-lambda
cien-cuadras;ciencuadras-procesos-automaticos-ms
cien-cuadras;ciencuadras-productos-frontend
cien-cuadras;ciencuadras-publicacion-pn-lambda
cien-cuadras;ciencuadras-reports
cien-cuadras;ciencuadras-resultados-mf
cien-cuadras;ciencuadras-resultados-ms-backup
cien-cuadras;ciencuadras-resultados-ms-copia
cien-cuadras;ciencuadras-sandbox-mf
cien-cuadras;ciencuadras-solicitud-credito-mf
cien-cuadras;ciencuadras-usuarios-lambda
cien-cuadras;ciencuadras-utilidades-lambda
cien-cuadras;ciencuadras-wp
cien-cuadras;ciencuadras-zona-privada-frontend
cien-cuadras;ciencuadras-zona-privada-ms
cien-cuadras;richnestt-frontend
Arquitectos_Lideres_Tecnicos;Create-users
Arquitectos_Lideres_Tecnicos;create-team
Arquitectos_Lideres_Tecnicos;sample-create-repos
Arquitectos_Lideres_Tecnicos;upload-file-bucket
BitacoraAvaluos;bitacora-avaluos-clientocr-ms
BitacoraAvaluos;bitacora-avaluos-comunes-lambda
BitacoraAvaluos;bitacora-avaluos-database
BitacoraAvaluos;bitacora-avaluos-db-infra
BitacoraAvaluos;bitacora-avaluos-frontend
BitacoraAvaluos;bitacora-avaluos-infra
BitacoraAvaluos;bitacora-avaluos-lambda
BitacoraAvaluos;bitacora-avaluos-motor-ms
BitacoraAvaluos;bitacora-avaluos-notificador-ms
BitacoraAvaluos;bitacora-avaluos-parametrizacion-lambda
BitacoraAvaluos;bitacora-avaluos-procesos-lambda
BitacoraAvaluos;bitacora-avaluos-reportes-lambda
BitacoraAvaluos;bitacora-avaluos-usuarios-lambda
Notificaciones-Transversales;admin-notificaciones-mf
Notificaciones-Transversales;notifica-transversal-adm-perfiles-service
Notificaciones-Transversales;notifica-transversal-envio-email-service
Notificaciones-Transversales;notifica-transversal-envio-sms-service
Notificaciones-Transversales;notifica-transversal-plantilla-correo-service
Notificaciones-Transversales;notifica-transversal-plantillas-sms-service
Notificaciones-Transversales;notifica-transversal-security-ms
Notificaciones-Transversales;notifica-transversal-seguridad-lambda
Notificaciones-Transversales;notifica-transversal-sending-paused-lambda
Notificaciones-Transversales;notifica-transversal-sms-sender-lambda
Notificaciones-Transversales;notifica-transversal-wrapper-lambda
Notificaciones-Transversales;notificaciones-fakesmtp-email-activity-lambda
Notificaciones-Transversales;notificaciones-fakesmtp-enviomail-lambda
Notificaciones-Transversales;notificaciones-fakesmtp-infra
Notificaciones-Transversales;notificaciones-fakesmtp-lambda
Notificaciones-Transversales;notificaciones-fakesmtp-model-db-cloud
Notificaciones-Transversales;notificaciones-fakesmtp-ms
Notificaciones-Transversales;notificaciones-fakesmtp-procesar-lambda
Notificaciones-Transversales;notificaciones-fakesmtp-validar-lambda
Notificaciones-Transversales;notificaciones-model-db-cloud
Notificaciones-Transversales;reglas-negocio-notificaciones-transversales-ms
Librerias Artifactory;bolivar-core-audit-logging-starter-lib
mipymes;mipymes-digital-actividad-economica-ms
mipymes;mipymes-digital-comunes-ms
mipymes;mipymes-digital-cotizacion-ms
mipymes;mipymes-digital-db-infra
mipymes;mipymes-digital-emision-ms
mipymes;mipymes-digital-frontend
mipymes;mipymes-digital-infra
mipymes;mipymes-digital-model-db-cloud
jelpit-conjuntos;jelpit-conjuntos-app
jelpit-conjuntos;jelpit-conjuntos-frontend
jelpit-conjuntos;jelpit-conjuntos-infra
jelpit-conjuntos;jelpit-conjuntos-landingpage
jelpit-conjuntos;jelpit-conjuntos-monorepo-mf
jelpit-conjuntos;jelpit-conjuntos-notifications-sdk
jelpit-conjuntos;jelpit-conjuntos-utilities-ms
jelpit-conjuntos;jelpit-conjuntos-web-kit-components-lib
Jenkins;jenkins-add-acl-buckets
Jenkins;jenkins-devops-docker
Jenkins;jenkins-devops-infra
Jenkins;jenkins-devops-recovery-infra
Jenkins;jenkins-docker
Jenkins;jenkins-docker-image-slave
Jenkins;jenkins-infra
Jenkins;jenkins-qa-docker
Jenkins;jenkins-qa-infra
Jelpit-Digitalizacion;jelpit-digitalizacion-bd
Jelpit-Digitalizacion;jelpit-digitalizacion-frontend
Jelpit-Digitalizacion;jelpit-digitalizacion-infra
Jelpit-Digitalizacion;jelpit-digitalizacion-ms
Jelpit-Facilities;jelpit-facilities-documentos-ms
Jelpit-Facilities;jelpit-facilities-imagehandler-lambda
Jelpit-Facilities;jelpit-facilities-localizacion-infraestructura-ms
Jelpit-Facilities;jelpit-facilities-mf
Jelpit-Facilities;jelpit-facilities-migracion-npm-commons-lib
Jelpit-Facilities;jelpit-facilities-perfiles-permisos-ms
Jelpit-Facilities;jelpit-facilities-pqrs-ms
Jelpit-Facilities;jelpit-facilities-reportes-ms
Jelpit-Facilities;jelpit-facilities-usuarios-ms
Jelpit Micrositios;api-marketplace-core-infra
Jelpit Micrositios;api-marketplace-core-lambda
Jelpit Micrositios;bolivar-core-template-frontend
Jelpit Micrositios;jelpit-digitalizacion-frontend
Jelpit Micrositios;micrositios-panel-corresponsales-mf
Jelpit Micrositios;micrositios-panel-marketplace-lambda
Jelpit Micrositios;micrositios-panel-marketplace-mf
Lib-JFrog;app-bc-movilidad-mobile-mf-jfrog-poc
Lib-JFrog;bolivar-core-web-kit-components-lib
Lib-JFrog;bolivar-core-web-logic-components-lib
Lib-JFrog;parameter-storage-poc-lib
Informacion Conglomerados;informacion-conglomerado-infra
Informacion Conglomerados;informacion-conglomerado-lambda
Informacion Conglomerados;informacion-conglomerado-triggers-lambda
Jelpit;jelpit-buscador-gradle-commons-lib
Jelpit;jelpit-constructor-home-frontend
Jelpit;jelpit-constructor-infra
Jelpit;jelpit-datosoperativos-infra
Jelpit;jelpit-empresas-frontend
Jelpit;jelpit-empresas-infra
Jelpit;jelpit-empresas-ms
Jelpit;jelpit-gestion-contenidos-blog-wp
Jelpit;jelpit-gestion-contenidos-infra
Jelpit;jelpit-micrositios-agendamiento-lambda
Jelpit;jelpit-micrositios-buscador-lambda
Jelpit;jelpit-micrositios-buscador-mf
Jelpit;jelpit-micrositios-cancelacion-lambda
Jelpit;jelpit-micrositios-detalle-estado-producto-mf
Jelpit;jelpit-micrositios-disponibilidad-producto-mf
Jelpit;jelpit-micrositios-edge-lambda
Jelpit;jelpit-micrositios-estado-producto-mf
Jelpit;jelpit-micrositios-infra
Jelpit;jelpit-micrositios-portal-lambda
Jelpit;jelpit-micrositios-portal-mf
Jelpit;jelpit-micrositios-producto-lambda
Jelpit;jelpit-micrositios-seguimiento-lambda
Jelpit;jelpit-micrositios-ventana-shopper-lambda
Jelpit;jelpit-micrositios-ventana-shopper-mf
Jelpit;jelpit-personas-frontend
Jelpit;jelpit-personas-infra
Jelpit;jelpit-personas-ms
Jelpit;micrositios-panel-otp-edge-lambda
Jelpit;micrositios-panel-otp-lambda
Jelpit;micrositios-panel-otp-mf
Jelpit;micrositios-panel-productos-sugeridos-mf
Jelpit;micrositios-productos-sugeridos-lambda
Jelpit;salud-arl-landing-login-frontend
Facturador;facturador-electronico-core-lambda
Facturador;facturador-electronico-infra
Facturador;facturador-electronico-test
Jelpit Personas;jelpit-image-handler-lambda
Jelpit Personas;jelpit-personas-db-infra
Jelpit Personas;jelpit-personas-integracion-externos-lambda
Guardian;guardian-anexos-estadar0312-lambda
Guardian;guardian-api
Guardian;guardian-auth-frontend
Guardian;guardian-auth-lambda
Guardian;guardian-bienestar-encuestas-analisis-respuestas-lambda
Guardian;guardian-bienestar-encuestas-dashboard-ms
Guardian;guardian-bienestar-encuestas-frontend
Guardian;guardian-bienestar-encuestas-ms
Guardian;guardian-comentarios-estadar0312-lambda
Guardian;guardian-commons-node-lib
Guardian;guardian-comunes-estadar0312-lambda
Guardian;guardian-comunes-ms
Guardian;guardian-comunes-parametros-ms
Guardian;guardian-core-model-db-cloud
Guardian;guardian-dashboard-bc-ms
Guardian;guardian-dashboard-inspecciones-ms
Guardian;guardian-empresas-ms
Guardian;guardian-exporter
Guardian;guardian-frontend
Guardian;guardian-infra
Guardian;guardian-items-estadar0312-lambda
Guardian;guardian-items-plantillas-inspeccion-lambda
Guardian;guardian-lambda
Guardian;guardian-legado
Guardian;guardian-monorepo-frontend
Guardian;guardian-navbar-frontend
Guardian;guardian-novedades-arl-lambda
Guardian;guardian-plantillas-inspeccion-frontend
Guardian;guardian-plantillas-inspeccion-lambda
Guardian;guardian-recordatorio-inspecciones-lambda
Guardian;guardian-redesign-frontend
Guardian;guardian-sidebar-frontend
Infraestructura;MigracionInfra
Infraestructura;arcgis-infra
Infraestructura;infraestructure-users-cognito-infra
Infraestructura;microinformatica-infra
Infraestructura;monitoreo-grafana-infra
Infraestructura;servicios-transversales-aws-infra
Infraestructura;terminal-server-infra
Infraestructura;vpc-acceso-test-infra
Infraestructura;workspaces-rpa-infra
DoctorAki Mucura;doctoraki-mucura-adminsalud-mf
DoctorAki Mucura;doctoraki-mucura-arl-backend
DoctorAki Mucura;doctoraki-mucura-backend
DoctorAki Mucura;doctoraki-mucura-blog
DoctorAki Mucura;doctoraki-mucura-frontend
DoctorAki Mucura;doctoraki-mucura-infra
ecosistema-home;ecosistemahome-middleware-integracion-infra
ecosistema-home;ecosistemahome-motorcompras-frontend
ecosistema-home;ecosistemahome-motorcompras-infra
ecosistema-home;ecosistemahome-motorcompras-ms
ecosistema-home;ecosistemahome-redireccionamiento-aliados-ms
ecosistema-home;ecosistemahome-tramitesjuridicos-creditohipotecario-lambda
ecosistema-home;ecosistemahome-tramitesjuridicos-creditohipotecario-ms
ecosistema-home;ecosistemahome-tramitesjuridicos-ctl-descarga-lambda
ecosistema-home;ecosistemahome-tramitesjuridicos-ctl-ms
ecosistema-home;ecosistemahome-tramitesjuridicos-ctl-procesar-lambda
ecosistema-home;ecosistemahome-tramitesjuridicos-ctl-reintentos-lambda
ecosistema-home;ecosistemahome-tramitesjuridicos-infra
documento-soporte-167;documento-soporte-167-db
documento-soporte-167;documento-soporte-167-frontend
documento-soporte-167;documento-soporte-167-infra
documento-soporte-167;documento-soporte-167-lambda
documento-soporte-167;documento-soporte-167-ms
dofi;dofi-core-frontend
dofi;dofi-core-ms
dofi;dofi-infra
dofi;hello-world--dofi-infra
Conecta - Core;conecta-asistencia-lambda
Conecta - Core;conecta-personas-arl-lambda
Conecta - Core;conecta-poliza-administracion-lambda
Conecta - Core;conecta-prestacion-salud-lambda
Devops-Team;autoservicio-devops-frontend
Devops-Team;autoservicio-devops-jforg
Devops-Team;autoservicio-devops-projects
Devops-Team;autoservivio-devops-infra
Devops-Team;devops-demos-templates
Devops-Team;devops-gestion-usuarios-infra
Devops-Team;devops-sonarqube-db-infra
Devops-Team;devops-sonarqube-fargate-infra
Devops-Team;devops-sonarqube-fargate-poc-infra
Devops-Team;devops-sonarqube-infra
Devops-Team;doctoraki-fe-codecommit
Devops-Team;poc-aprovisionamiento-app-infra
Devops-Team;test-environments
DoctorAki;doctoraki-agendamiento-wc
DoctorAki;doctoraki-bonos-mf
DoctorAki;doctoraki-citas-medicas-ms
DoctorAki;doctoraki-historia-clinica-ms
DoctorAki;doctoraki-infra
DoctorAki;doctoraki-login-otp-mf
DoctorAki;doctoraki-marketplace-confirma-estado-ms
DoctorAki;doctoraki-marketplace-obtener-agenda-ms
DoctorAki;doctoraki-marketplace-obtener-productos-ms
DoctorAki;doctoraki-marketplace-obtener-servicios-ms
DoctorAki;doctoraki-marketplace-reserva-producto-ms
DoctorAki;doctoraki-migracion-mf
DoctorAki;doctoraki-pacientes-ms
DoctorAki;doctoraki-videollamada-mf
DoctorAki;doctoraki-videollamada-ms
Architects-Team;datosoperativos-poc-infra
Architects-Team;sandox-datamesh-infra
Avaluos;avaluos-motor-mapas-digitales-ms
Avaluos;avaluos-motor-modelos-predictivos-ms
Avaluos;avaluos-motor-pwa-ms
Avaluos;avaluos-motor-reglas-frontend
Avaluos;avaluos-motor-reglas-infra
Avaluos;avaluos-motor-reglas-lambda
Avaluos;avaluos-motor-reglas-lambda-websocket
Avaluos;avaluos-motor-reglas-ms
Avaluos;portalavaluos-core-frontend
orden-administrativa;orden-administrativa-infra
orden-administrativa;orden-administrativa-lambdas
orden-administrativa;orden-administrativa-triggers-lambdas
Adebol;adebol-core-infra
Adebol;adebol-gestion-contenidos-wp
Open Rules;open-rules-lambda
Core Seguros;core-seguros-batch-programador-job-mf
Core Seguros;core-seguros-batch-renovador-ms
Core Seguros;core-seguros-batch-renovador-pymes-job-ms
Core Seguros;core-seguros-infra
affinity;affinity-sftp-infra
bienestar-plataforma;bienestar-auteticacion-ms
bienestar-plataforma;bienestar-autorizacion-lambda
bienestar-plataforma;bienestar-comunes-ms
bienestar-plataforma;bienestar-dacadoo-ms
bienestar-plataforma;bienestar-parametros-ms
bienestar-plataforma;bienestar-plataforma-backend
bienestar-plataforma;bienestar-plataforma-frontend
bienestar-plataforma;bienestar-plataforma-infra
bienestar-plataforma;bienestar-plataforma-lambda
bienestar-plataforma;bienestar-profile-ms
Aviso Web;avisoweb-core-frontend
Aviso Web;avisoweb-core-infra
Aviso Web;avisoweb-core-ms
Aviso Web;avisoweb-flujos-frontend
Aviso Web;avisoweb-flujos-indemnizaciones-ms
Automatizacion QA;AUTOBOL-RPA-OPERATOR-LAMBDA
Automatizacion QA;bol-automation-rpa-iu-web-bloqueo-convenios-ms
Automatizacion QA;repoPruebaautoqa
Analizador Documentos Facilities;analizador-documentos-pre-process-lambda-python
Asistencia Bolivar;asistencia-clicksoftware-infra
Asistencia Bolivar;asistencia-clicksoftware-lambda
Asistencia Bolivar;asistencia-clicksoftware-onsite-lambda
Asistencia Bolivar;asistencia-clicksoftware-tracking-lambda
Social Skin;socialskin-community-infra
Social Skin;socialskin-community-wp
Social Skin;socialskin-premio-frontend
Social Skin;socialskin-premio-infra
Mucura;aseguramiento-salud-model-cloud-db
Mucura;aseguramiento-salud-pagos-ms
Mucura;aseguramiento-salud-proveedor-ms
Mucura;aseguramiento-salud-tesoreria-ms
Mucura;bol-automation-M-PrA-Mucura-test
Mucura;logintransversal-core-frontend
Mucura;logintransversal-core-infra
Mucura;logintransversal-seguridad-ms
Mucura;mucura-afiliacion-pacientes-lambda
Mucura;mucura-agendamiento-citas-medicas-lambda
Mucura;mucura-apis-aseguramiento-ms
Mucura;mucura-apis-infra
Mucura;mucura-apis-prestacion-ms
Mucura;mucura-aseguramiento-admision-lambda
Mucura;mucura-aseguramiento-afiliacion-lambda
Mucura;mucura-aseguramiento-apis-lambda
Mucura;mucura-aseguramiento-atencion-lambda
Mucura;mucura-aseguramiento-autorizacion-lambda
Mucura;mucura-aseguramiento-contabilidad-lambda
Mucura;mucura-aseguramiento-cuentamedica-lambda
Mucura;mucura-aseguramiento-proveedor-lambda
Mucura;mucura-aseguramiento-sincronizacion-lambda
Mucura;mucura-atencion-ordenes-medicas-lambda
Mucura;mucura-atencion-radicaciones-lambda
Mucura;mucura-core-apis-lambda
Mucura;mucura-example-infra
Mucura;mucura-example-lambda
Mucura;mucura-example-ms
Mucura;mucura-gestion-contenidos-db-infra
Mucura;mucura-gestion-contenidos-infra
Mucura;mucura-gestion-contenidos-portal-wp
Mucura;mucura-otp-apis-lambda
Mucura;mucura-portal-frontend
Mucura;mucura-prestacion-apis-lambda
Mucura;mucura-servicios-apis-lib
Mucura;mucura-sisalud-apis-lambda
Mucura;mucura-transversal-lambda
Mucura;mucura-transversales-salud-autorized-lambda
Mucura;mucura-transversales-salud-front-ms
Mucura;mucura-transversales-salud-portal-admon-ms
Mucura;mucura-transversales-salud-seguridad-ms
Mucura;prestacion-registro-ms
Mucura;prestacion-salud-admision-ms
Mucura;prestacion-salud-auditoria-ms
Mucura;prestacion-salud-catalogos-ms
Mucura;prestacion-salud-core-ms
Mucura;prestacion-salud-curam-model-db-cloud
Mucura;prestacion-salud-db-infra
Mucura;prestacion-salud-dgh-model-db-cloud
Mucura;prestacion-salud-frontend
Mucura;prestacion-salud-historia-clinica-ms
Mucura;prestacion-salud-infra
Mucura;prestacion-salud-integraciones-ms
Mucura;prestacion-salud-model-db-cloud
Mucura;prestacion-salud-reportes-ms
Mucura;prestacion-salud-rias-ms
Mucura;prestacion-salud-seguridad-lambda
Mucura;prestacion-salud-seguridad-ms
Mucura;transversales-salud-catalogos-lambda
Mucura;transversales-salud-catalogos-ms
Mucura;transversales-salud-contabilidad-model-db-cloud
Mucura;transversales-salud-db-infra
Mucura;transversales-salud-frontend
Mucura;transversales-salud-infra
Mucura;transversales-salud-model-db-cloud
Mucura;transversales-salud-personas-ms
Mucura;transversales-salud-presigned-images-ms
Mucura;transversales-salud-registro-ms
Mucura;transversales-salud-reportes-ms
Mucura;transversales-salud-seguridad-model-db-cloud
Mucura;transversales-salud-sftp-infra
Mucura;transversales-salud-tareaprogramada-lambda
Mucura;transversales-salud-transferencia-datos-lambda
Transformacion Digital;td-ingresos-egresos-backend-for-frontend-proveedores-ms
Transformacion Digital;transformacion-el-libertador-administrador-documentos-ms
Transformacion Digital;transformacion-el-libertador-administrador-solicitud-ms
Transformacion Digital;transformacion-el-libertador-analizador-historia-credito-ms
Transformacion Digital;transformacion-el-libertador-analizador-solicitud-ms
Transformacion Digital;transformacion-el-libertador-dashborad-estudio-digital-frontend
Transformacion Digital;transformacion-el-libertador-estudio-arrendamiento-lambda
Transformacion Digital;transformacion-el-libertador-frontend
Transformacion Digital;transformacion-el-libertador-infra
Transformacion Digital;transformacion-el-libertador-lambda
Transformacion Digital;transformacion-el-libertador-page-frontend
Transformacion Digital;transformacion-el-libertador-page-wp
Transformacion Digital;transformacion-el-libertador-proxy-lambda
Transformacion Digital;transformacion-el-libertador-security-lambda
Transformacion Digital;transformacion-el-libertador-web-component-frontend
Transformacion Digital;transformacion-ingresos-egresos-administrador-bitacora-ms
Transformacion Digital;transformacion-ingresos-egresos-administrador-dispersion-ordenes-pago-ms
Transformacion Digital;transformacion-ingresos-egresos-administrador-facturas-ms
Transformacion Digital;transformacion-ingresos-egresos-administrador-ordenes-pago-ms
Transformacion Digital;transformacion-ingresos-egresos-administrador-parametros-ms
Transformacion Digital;transformacion-ingresos-egresos-administrador-recibo-caja-ms
Transformacion Digital;transformacion-ingresos-egresos-autogestion-clientes-frontend
Transformacion Digital;transformacion-ingresos-egresos-autogestion-proveedores-frontend
Transformacion Digital;transformacion-ingresos-egresos-frontend
Transformacion Digital;transformacion-ingresos-egresos-infra
Transformacion Digital;transformacion-ingresos-egresos-lambda
Transformacion Digital;transformacion-ingresos-egresos-ms
Transformacion Digital;transformacion-ingresos-egresos-procesos-masivos-ms
Transformacion Digital;transformacion-ingresos-egresos-procesos-negocio-ms
Transformacion Digital;transformacion-modelo-servicio-administracion-triage-ms
Transformacion Digital;transformacion-modelo-servicio-infra
Transformacion Digital;transformacion-modelo-servicio-personas-salud-ms
Transformacion Digital;transformacion-seguros-vida-frontend
Transformacion Digital;transformacion-seguros-vida-infra
100cuadras-read;administrador-notificaciones-mf
100cuadras-read;autoservicio-devops-jenkins
100cuadras-read;comunes-personas-sarlaft-ms
100cuadras-read;portalweb-pqrs-ms
100cuadras-read;portalweb-web-components-lib
Wso2;wso2-docker
Wso2;wso2-infra
TD Fuerza Ventas;Sandbox-TDFuerzaVentas-gestion-casos-mf
TD Fuerza Ventas;Sandbox-TDFuerzaVentas-gestion-casos-nodejs14
TD Fuerza Ventas;Sandbox-TDFuerzaVentas-infra
TD Fuerza Ventas;TD-Fuerza_ventas-GestionCasos-model-db
TD Fuerza Ventas;TD-Fuerza_ventas-GestionCasos-model-db-cloud
TD Fuerza Ventas;comunes-documentos-archivos-filenet
TD Fuerza Ventas;td-fuerza-venta-librerias-mf
TD Fuerza Ventas;td-fuerza-ventas-administracion-mf
TD Fuerza Ventas;td-fuerza-ventas-administracion-ms
TD Fuerza Ventas;td-fuerza-ventas-casos-ms
TD Fuerza Ventas;td-fuerza-ventas-cobros-mf
TD Fuerza Ventas;td-fuerza-ventas-cobros-ms
TD Fuerza Ventas;td-fuerza-ventas-estado-creditos-y-cartera-polizas-mf
TD Fuerza Ventas;td-fuerza-ventas-estado-poliza-auto-mf
TD Fuerza Ventas;td-fuerza-ventas-estado-polizas-de-vida-mf
TD Fuerza Ventas;td-fuerza-ventas-excepciones-ms
TD Fuerza Ventas;td-fuerza-ventas-gestion-PQR-mf
TD Fuerza Ventas;td-fuerza-ventas-gestion-PQR-ms
TD Fuerza Ventas;td-fuerza-ventas-gestion-casos-mf
TD Fuerza Ventas;td-fuerza-ventas-gestion-notificaciones-nodejs14
TD Fuerza Ventas;td-fuerza-ventas-historicos-ms
TD Fuerza Ventas;td-fuerza-ventas-operaciones-soporte-ms
TD Fuerza Ventas;td-fuerza-ventas-polizas-ms
TD Fuerza Ventas;td-fuerza-ventas-reintento-creacion-lambda
TD Fuerza Ventas;td-fuerza-ventas-servicios-financieros-ms
TD Fuerza Ventas;td-fuerza-ventas-servicioventas-infra
TD Fuerza Ventas;td_fuerza-ventas-clientes-existentes-lambda
TD Fuerza Ventas;td_fuerza-ventas-confirmacion-cliente-intermediario-lambda
TD Fuerza Ventas;td_fuerza-ventas-intermediario-existentes-lambda
techcamp;techcamp
vpc-acceso-infra;PR-1
vpc-acceso-infra;PR-10
vpc-acceso-infra;PR-11
vpc-acceso-infra;PR-12
vpc-acceso-infra;PR-13
vpc-acceso-infra;PR-14
vpc-acceso-infra;PR-15
vpc-acceso-infra;PR-16
vpc-acceso-infra;PR-17
vpc-acceso-infra;PR-18
vpc-acceso-infra;PR-19
vpc-acceso-infra;PR-2
vpc-acceso-infra;PR-20
vpc-acceso-infra;PR-21
vpc-acceso-infra;PR-22
vpc-acceso-infra;PR-23
vpc-acceso-infra;PR-24
vpc-acceso-infra;PR-25
vpc-acceso-infra;PR-26
vpc-acceso-infra;PR-27
vpc-acceso-infra;PR-28
vpc-acceso-infra;PR-29
vpc-acceso-infra;PR-3
vpc-acceso-infra;PR-30
vpc-acceso-infra;PR-31
vpc-acceso-infra;PR-32
vpc-acceso-infra;PR-33
vpc-acceso-infra;PR-34
vpc-acceso-infra;PR-35
vpc-acceso-infra;PR-36
vpc-acceso-infra;PR-37
vpc-acceso-infra;PR-4
vpc-acceso-infra;PR-5
vpc-acceso-infra;PR-6
vpc-acceso-infra;PR-7
vpc-acceso-infra;PR-8
vpc-acceso-infra;PR-9
vpc-acceso-infra;codeowner-policity-infra
vpc-acceso-infra;develop
vpc-acceso-infra;feature%2Fadd-routes-vpc
vpc-acceso-infra;feature%2Fclean-template
vpc-acceso-infra;feature%2Fdelete-all-vpc
vpc-acceso-infra;feature%2Fdelete_dev_stg
vpc-acceso-infra;feature%2Fedit_jenkinsfile
vpc-acceso-infra;feature%2Fhot-fix-jenkis
vpc-acceso-infra;feature%2Fhot-fix-natgateways
vpc-acceso-infra;feature%2Fhot-fix-vpc-delete
vpc-acceso-infra;feature%2Fnew-vpc-az-3
vpc-acceso-infra;feature%2Fstart_transit_gateway
vpc-acceso-infra;feature%2Fvpc-internet-gateway
vpc-acceso-infra;feature%2Fvpc-internet-gateway-fix
vpc-acceso-infra;feature%2Fvpc-internet-gateway-fixed
vpc-acceso-infra;feature%2Fvpc-with-transit
vpc-acceso-infra;feature%2Fvpn_module
vpc-acceso-infra;ft%2Froutes
vpc-acceso-infra;master
vpc-acceso-infra;mongo_vpc
Whatsapp Corporativo;transformacion-el-libertador-reportes-induccion-ms
Whatsapp Corporativo;whatsapp-corporativo-core-infra
Whatsapp Corporativo;whatsapp-corporativo-core-ms
Whatsapp Corporativo;whatsapp-goelocalizacion-mf
Transformacion Seguro Agricola;transformacion-seguro-agricola-catalogos-lambda
Transformacion Seguro Agricola;transformacion-seguro-agricola-componentes-frontend
Transformacion Seguro Agricola;transformacion-seguro-agricola-comunes-ms
Transformacion Seguro Agricola;transformacion-seguro-agricola-db-infra
Transformacion Seguro Agricola;transformacion-seguro-agricola-emision-ms
Transformacion Seguro Agricola;transformacion-seguro-agricola-indemnizacion-ms
Transformacion Seguro Agricola;transformacion-seguro-agricola-infra
Transformacion Seguro Agricola;transformacion-seguro-agricola-model-db-cloud
Transformacion Seguro Agricola;transformacion-seguro-agricola-recuperar-agente-lambda
Transformacion Seguro Agricola;transformacion-seguro-agricola-suscripcion-ms
Transformacion Seguro Agricola;transformacion-seguro-agricola-triggers-lambda
TD El Libertador;RPA_Rocketbot_Liertador_servicesdb
Tienda Digital;tienda-digital-accidentes-personales-mf
Tienda Digital;tienda-digital-admin-aliados-ms
Tienda Digital;tienda-digital-admin-mf
Tienda Digital;tienda-digital-admin-parametros-ms
Tienda Digital;tienda-digital-admin-procesos-ms
Tienda Digital;tienda-digital-admin-productos-ms
Tienda Digital;tienda-digital-componentes-frontend-lib
Tienda Digital;tienda-digital-componentes-js-lib
Tienda Digital;tienda-digital-comunes-ms
Tienda Digital;tienda-digital-content-wp
Tienda Digital;tienda-digital-lambda
Tienda Digital;tienda-digital-mantenimiento-mf
Tienda Digital;tienda-digital-oferta-daviplata-mf
Tienda Digital;tienda-digital-security-lambda
Tienda Digital;tienda-digital-security-ms
Tienda Digital;tienda-digital-seguro-hogar-mf
Tienda Digital;tienda-digital-seguro-hogar-ms
Tienda Digital;tienda-digital-seguro-personalizado-ms
Tienda Digital;tienda-digital-seguro-proteccion-gastos-vida-mf
Tienda Digital;tienda-digital-seguro-proteccion-gastos-vida-ms
Tienda Digital;tienda-digital-seguro-seguridad-digital-mf
Tienda Digital;tienda-digital-seguro-seguridad-digital-ms
Tienda Digital;tienda-digital-seguro-soat-mf
Tienda Digital;tienda-digital-seguro-soat-ms
Tienda Digital;tienda-digital-seguro-viaje-mf
Tienda Digital;tienda-digital-seguros-frontend
Tienda Digital;tienda-digital-seguros-infra
Tienda Digital;tienda-digital-seguros-ms
wwwSegurosBolivar;portalweb-gestion-contenidos-wp
Test-DevOps;newCreateRepos
Test-DevOps;test
Test-DevOps;usingFunctions
Jenkins-Devops;autoservicio-devops-sonar
transformacion-svn;transformacion-seguros-svn-infra
Migraci√≥n AS400 Liberty;affinity-sftp-infra
SimonesCore;simoncotizadores-core-frontend
SimonesCore;simonweb-core-frontend
SimonesCore;simonws-core-backend
smartsupervision;smarsupervision_actualizarTercero-lambda
smartsupervision;smartSupervision-actualizarCaso-lambda
smartsupervision;smartSupervision-getAttachment-lambda
smartsupervision;smartSupervision-seleccionarArchivo-lambda
smartsupervision;smartSupervision-validAttachment-lambda
smartsupervision;smartSupervision-validarCaso-lambda
smartsupervision;smartsupervision-ConsultarUsuarios-lambda
smartsupervision;smartsupervision-ack-lambda
smartsupervision;smartsupervision-ackUsuario-lambda
smartsupervision;smartsupervision-consultarcasos-lambda
smartsupervision;smartsupervision-consultarhomologo-lambda
smartsupervision;smartsupervision-crearcaso-lambda
smartsupervision;smartsupervision-descargaarchivos-lambda
smartsupervision;smartsupervision-enviaranexos-lambda
smartsupervision;smartsupervision-generaranexossiebel-lambda
smartsupervision;smartsupervision-getquejas-lambda
smartsupervision;smartsupervision-infra
smartsupervision;smartsupervision-lambda
smartsupervision;smartsupervision-refreshtoken-lambda
smartsupervision;smartsupervision-registroerror-lambda
smartsupervision;smartsupervision-registroqueja-lamda
smartsupervision;smartsupervision-reporte-cvs-lambda
smartsupervision;smartsupervision-setquejas-lambda
smartsupervision;smartsupervision-solicitartoken-lambda
TD Cartera;td-cartera-cartera-model-db-cloud
TD Cartera;td-cartera-errores-lambda
TD Cartera;td-cartera-estrategias-ms
TD Cartera;td-cartera-frontend
TD Cartera;td-cartera-infra
TD Cartera;td-cartera-polizas-ms
TD Cartera;td-cartera-prestamos-ms
TD Cartera;td-cartera-procesamiento-lambda
TD Cartera;td-cartera-procesamiento-ms
TD Cartera;td-cartera-proxy-lambda
TD Cartera;td-cartera-repositorios-db-infra
TD Cartera;td-cartera-solicitudes-ms
TD Cartera;td-cartera-stage-model-db-cloud
portal web;portalweb-actualizar-contenido-lambda
portal web;portalweb-catalogos-lambda
portal web;portalweb-core-front
portal web;portalweb-core-infra
portal web;portalweb-core-ms
portal web;portalweb-gestion-contenidos-blog-wp
portal web;portalweb-gestion-contenidos-directoriomedico-wp
portal web;portalweb-pqrs-ms
portal web;portalweb-soat-ms
Reglas de Negocio;reglas-negocio-asistencia-salud-ms
Reglas de Negocio;reglas-negocio-core-db-infra
Reglas de Negocio;reglas-negocio-core-seguro-general-liquidacion-ms
Reglas de Negocio;reglas-negocio-core-seguro-general-ms
Reglas de Negocio;reglas-negocio-enhanced-government-lambda
Reglas de Negocio;reglas-negocio-infra
Reglas de Negocio;reglas-negocio-negocios-patrimoniales-ecosistema-home-ms
Reglas de Negocio;reglas-negocio-negocios-patrimoniales-ms
Reglas de Negocio;reglas-negocio-operaciones-soporte-orden-pago-ms
Reglas de Negocio;reglas-negocio-poliza-hogar-ms
Reglas de Negocio;reglas-negocio-poliza-siniestros-generales-ms
Reglas de Negocio;reglas-negocio-poliza-siniestros-vida-ms
Reglas de Negocio;reglas-negocio-web-studio-ms
Sarlaft;sarlaft-micrositios-database-lambda
Sarlaft;sarlaft-micrositios-experian-lambda
Sarlaft;sarlaft-micrositios-formularios-mf
Sarlaft;sarlaft-micrositios-infra
Sarlaft;sarlaft-micrositios-juridico-lambda
Sarlaft;sarlaft-micrositios-lambda
Sarlaft;sarlaft-micrositios-natural-lambda
Sarlaft;sarlaft-micrositios-reportes-lambda
Sarlaft;sarlaft-micrositios-script-glue
Sarlaft;sarlaft-micrositios-utilities-lambda
sandbox-aws-infra;MDSB-46414-create-bucket
sandbox-aws-infra;PR-10
sandbox-aws-infra;PR-11
sandbox-aws-infra;PR-12
sandbox-aws-infra;PR-13
sandbox-aws-infra;PR-14
sandbox-aws-infra;PR-15
sandbox-aws-infra;PR-16
sandbox-aws-infra;PR-17
sandbox-aws-infra;PR-19
sandbox-aws-infra;PR-20
sandbox-aws-infra;PR-23
sandbox-aws-infra;PR-6
sandbox-aws-infra;PR-7
sandbox-aws-infra;PR-8
sandbox-aws-infra;PR-9
sandbox-aws-infra;codeowner-policity-infra
sandbox-aws-infra;develop
sandbox-aws-infra;feature%2Fdelete_transit_gateway
sandbox-aws-infra;feature%2Fsecurity-group-transit-test
sandbox-aws-infra;feature%2Fsg_rules
sandbox-aws-infra;feature%2Ftg_vpc_attachment
sandbox-aws-infra;feature%2Ftransit_gateway_test
sandbox-aws-infra;feature%2Ftransit_gateway_test2
sandbox-aws-infra;feature%2Fvpc-tienda
sandbox-aws-infra;feature%2Fvpc_test_transit
sandbox-aws-infra;master
sandbox-aws-infra;poc-facilities-nest
refactoring-core-seguros;commons-refactoring-commons-lib
refactoring-core-seguros;refactoring-adaptador-ms
refactoring-core-seguros;refactoring-batch-procesos-masivos-ms
refactoring-core-seguros;refactoring-batch-programador-job-ms
refactoring-core-seguros;refactoring-emisor-db
refactoring-core-seguros;refactoring-emisor-lambda
refactoring-core-seguros;refactoring-emisor-ms
refactoring-core-seguros;refactoring-emisor-orquestador-ms
refactoring-core-seguros;refactoring-gradle-commons-lib
refactoring-core-seguros;refactoring-parametrizador-db
refactoring-core-seguros;refactoring-parametrizador-db-infra
refactoring-core-seguros;refactoring-parametrizador-mf
refactoring-core-seguros;refactoring-parametrizador-mf-copia
refactoring-core-seguros;refactoring-parametrizador-mf-infra
refactoring-core-seguros;refactoring-parametrizador-ms
refactoring-core-seguros;refactoring-parametrizador-ms-copia
refactoring-core-seguros;refactoring-parametrizador-ms-infra
refactoring-core-seguros;refactoring-parametrizador-parametrosgenerales-ms
refactoring-core-seguros;refactoring-parametrizador-reclamacion-ms
refactoring-core-seguros;refactoring-parametrizador-seguridad-ms
refactoring-core-seguros;refactoring-smartcore-mf
refactoring-core-seguros;refactoring-traductor-ms
Plataforma Constructor;obraaldia-generacion-archivos-lambda
Plataforma Constructor;obraaldia-mono-web-php
Plataforma Constructor;platconstructor-forge-ms
Plataforma Constructor;platconstructor-informes-lambda
Plataforma Constructor;platconstructor-infra
Plataforma Constructor;platconstructor-mobile
Refactoring Portal ARL;refactoring-portal-arl-certificaciones-ms
Refactoring Portal ARL;refactoring-portal-arl-comunes-ms
Refactoring Portal ARL;refactoring-portal-arl-exportacion-trabajadores-ms
Refactoring Portal ARL;refactoring-portal-arl-frontend
Refactoring Portal ARL;refactoring-portal-arl-gestion-accidentes-ms
Refactoring Portal ARL;refactoring-portal-arl-gestion-empresas-ms
Refactoring Portal ARL;refactoring-portal-arl-gestion-trabajadores-afiliaciones-ms
Refactoring Portal ARL;refactoring-portal-arl-gestion-trabajadores-carnetizacion-ms
Refactoring Portal ARL;refactoring-portal-arl-gestion-trabajadores-cobertura-exterior-ms
Refactoring Portal ARL;refactoring-portal-arl-gestion-usuarios-ms
Refactoring Portal ARL;refactoring-portal-arl-infra
Refactoring Portal ARL;refactoring-portal-arl-lambda
Refactoring Portal ARL;refactoring-portal-arl-parametros-ms
Refactoring Portal ARL;refactoring-portal-arl-retiros-programados-lambda
Refactoring Portal ARL;refactoring-portal-arl-triggers-lambda
Refactoring Portal ARL;refactoring-portal-arl-websocket-lambda
poc-gitflow;repo-poc-gitflow
radicaciones-orden-administrativa;radicaciones-orden-administrativa-arl-lambdas
radicaciones-orden-administrativa;radicaciones-orden-administrativa-infra
radicaciones-orden-administrativa;radicaciones-orden-administrativa-lambdas
radicaciones-orden-administrativa;radicaciones-orden-administrativa-lambdas-triggers
radicaciones-orden-administrativa;radicaciones-orden-administrativa-salud
Samples;Sample_Node12MS_FLOWGITHUB
Samples;lambda-edge-test
Samples;lambda-edge-test-infra
Samples;parameter-storage-kms-example-ms
Samples;reglas-negocio-web-studio-ms-demo
Samples;sample-cicd code deploy to Stage
Samples;sample-cicd deploy to Dev
Samples;sample-cicd pull requests pipeline
Samples;sample-cicd-infra
Samples;sample-jenkinsfile-git
Samples;sample-lambda-java
Samples;sample-microservice-java
Polizas Colectivas;polizas-colectivas-frontend
Polizas Colectivas;polizas-colectivas-infra
Polizas Colectivas;polizas-colectivas-ms
Proyecto Conecta;comunes-historico-acortadorurl-lambda
Proyecto Conecta;conecta-acortador-url-frontend
Proyecto Conecta;conecta-business-entities-lambda
Proyecto Conecta;conecta-capacitacion-lambda
Proyecto Conecta;conecta-config-lambda
Proyecto Conecta;conecta-core-infra
Proyecto Conecta;conecta-documentos-lambda
Proyecto Conecta;conecta-facturacion-electronica-lambda
Proyecto Conecta;conecta-gradle-commons-lib
Proyecto Conecta;conecta-identidad-digital-lambda
Proyecto Conecta;conecta-movilidad-lambda
Proyecto Conecta;conecta-personas-lambda
Proyecto Conecta;conecta-sandbox-wiremock-lambda
Proyecto Conecta;conecta-seguros
Proyecto Conecta;conecta-seguros-sandbox-infra
Proyecto Conecta;conecta-servicios-lambda
Proyecto Conecta;conecta-soat-lambda
Proyecto Conecta;conecta-transversal-lambda
Proyecto Conecta;conecta-whatsapp-corporativo
Proyecto Conecta;segurosbolivar-conecta-portal
Proyecto Conecta;simplificador-gradle-commons-lib
procesosjuridicos;procesosjuridicos-alistamientos-core-frontend
procesosjuridicos;procesosjuridicos-autenticacion-ms
procesosjuridicos;procesosjuridicos-autorizador-lambda
procesosjuridicos;procesosjuridicos-core-infra
procesosjuridicos;procesosjuridicos-core-ms
procesosjuridicos;procesosjuridicos-seguridad-ms
qrcovidpass;qrpass-admin-frontend
qrcovidpass;qrpass-admin-infra
qrcovidpass;qrpass-plataforma-mobile
qrcovidpass;qrpass-web-app
qrcovidpass;qrpass-widget-lib
gobierno-jira;plugins-jira
Facilities;catalogo-digital-plataforma-front
Facilities;catalogo-digital-plataforma-infra
Facilities;facilities-gestion-linea-data-provider-lambda
Facilities;facilities-gestion-linea-infra
Facilities;facilities-gestion-linea-poc-nest-ms
Facilities;facilities-gestion-linea-validate-engine-lambda
Facilities;facilities-npm-commons-lib
Facilities;facilities-plataforma-backend
Facilities;facilities-plataforma-frontend
Facilities;facilities-plataforma-infra
Facilities;facilities-plataforma-ms
Facilities;jelpit-facilities-npm-commons-lib
Fundacion Davivienda Bolivar;fundacion-davivienda-bolivar-core
Fundacion Davivienda Bolivar;fundacion-davivienda-bolivar-infra
Fundacion Davivienda Bolivar;fundaciondaviviendabolivar-core-front
Fundacion Davivienda Bolivar;fundaciondaviviendabolivar-core-infra
Fundacion Davivienda Bolivar;fundaciondaviviendabolivar-csp-edge-lambda
Imaginex;imaginex-infra
Facturacion Electronica;birc-core-application-mono
doctoraki-mucura;transversales-salud-contable-ms
